1,2,3,4,5,6,7,8,9,10,11,12,13,14,15,16,17,18,19,20,21,22,23,24,25,26,27,28,29,30,31,32,33,34,35,36,37,38,39,40
0,0,0.03141075907812829,0.06279051952931337,0.09410831331851431,0.12533323356430426,0.15643446504023087,0.1873813145857246,0.21814324139654254,0.2486898871648548,0.2789911060392293,0.3090169943749474,0.33873792024529137,0.3681245526846779,0.3971478906347806,0.42577929156507266,0.45399049973954675,0.4817536741017153,0.5090414157503713,0.5358267949789967,0.5620833778521306,0.5877852522924731,0.6129070536529765,0.6374239897486896,0.6613118653236518,0.6845471059286886,0.7071067811865475,0.7289686274214116,0.7501110696304595,0.7705132427757893,0.7901550123756904,0.8090169943749473,0.8270805742745617,0.8443279255020151,0.8607420270039436,0.8763066800438637,0.8910065241883678,0.9048270524660196,0.9177546256839811,0.9297764858882513,0.9408807689542255,0.9510565162951535,0.960293685676943,0.9685831611286311,0.9759167619387473,0.9822872507286886,0.9876883405951378,0.9921147013144778,0.99556196460308,0.9980267284282716,0.9995065603657316,1,0.9995065603657316,0.9980267284282716,0.99556196460308,0.9921147013144779,0.9876883405951378,0.9822872507286887,0.9759167619387474,0.9685831611286311,0.9602936856769431,0.9510565162951536,0.9408807689542255,0.9297764858882515,0.9177546256839811,0.9048270524660195,0.8910065241883679,0.8763066800438635,0.8607420270039436,0.844327925502015,0.8270805742745617,0.8090169943749475,0.7901550123756903,0.7705132427757893,0.7501110696304597,0.7289686274214114,0.7071067811865476,0.6845471059286888,0.6613118653236518,0.6374239897486899,0.6129070536529764,0.5877852522924732,0.5620833778521308,0.535826794978997,0.5090414157503711,0.4817536741017152,0.45399049973954686,0.4257792915650729,0.39714789063478106,0.36812455268467814,0.3387379202452913,0.3090169943749475,0.27899110603922955,0.24868988716485524,0.21814324139654276,0.18738131458572457,0.15643446504023098,0.12533323356430454,0.09410831331851435,0.06279051952931358,0.031410759078128236
1,0,0.017478323458497695,0.051474773919118276,0.08678916177362703,0.11958215619509627,0.1525584974692876,0.18435458867433088,0.21563557232069733,0.24653721552802008,0.2763192342414682,0.30654247937459456,0.3372683903843068,0.3659760282862273,0.3951212632960716,0.42471626867150497,0.45300288380408776,0.4800399581873358,0.5074003799630238,0.5342944888090799,0.5613673810326979,0.5871069059005998,0.6114995243852794,0.6360586033975214,0.660024785835516,0.6833349257590098,0.7059646814004347,0.7285777243966682,0.7497420779458465,0.7701544101782516,0.7898067820503405,0.8086800194593065,0.8260881867088853,0.8433577001420046,0.8598290220383416,0.8754514085609336,0.8902078238335539,0.9040838189471329,0.9170658869228154,0.9291413911512926,0.9402985756178606,0.9505265782610628,0.9598154434059187,0.9681561330944449,0.975540537329708,0.9819614832544653,0.9874127432818736,0.9918890421927408,0.9953860632116044,0.9979004530724077,0.999429826083603,1,0.9995301352142282,0.9980986206263838,0.9956834486080071,0.9922859747232099,0.9879095955588453,0.9825587276636374,0.9762387552988517,0.9689560236491211,0.9607178333808435,0.9515324344598564,0.9414090191547614,0.9303577142532677,0.9183895725291205,0.9055165635041795,0.8917515635585326,0.8771083454518266,0.8616015673318614,0.8452467613226994,0.8280603218051839,0.8093511795854685,0.7904893811239831,0.7708584991254334,0.7504667660449208,0.7293341307067358,0.7074814756813015,0.6856797847783358,0.6625526292853168,0.6387461094207271,0.6143151992739526,0.5884666250529248,0.5627632507640219,0.5365244808295927,0.5105934165229952,0.48346901545670035,0.4549839696410266,0.4267903095458718,0.39906913232892666,0.3702721331777353,0.340170311972678,0.3105347548536543,0.28157602174398394,0.25080588249304303,0.22052761799961695,0.1901970743639637,0.1598721887337256,0.1303844234667242,0.100552475681067,0.07112194852938411,0.044594407798877356
2,0,0.006609203223368868,0.037883880111651586,0.077610145467565,0.11309194642659313,0.14829155928982302,0.18116460198003614,0.21304640582088974,0.24433747119153118,0.2736657838198484,0.30403756670204796,0.3357465822177555,0.363860182126403,0.3930793104401134,0.4227826291994304,0.4519824539061878,0.47836198542049296,0.5057522270080926,0.5327517601196635,0.5606299978482951,0.5864269944757524,0.6101288771401535,0.6346903159165435,0.6587313273603544,0.6821168239012022,0.7048173091748152,0.7281740324129888,0.7493725459147791,0.7697954440191743,0.7894584129522665,0.8083428894655507,0.8251303657014794,0.8423873921253184,0.8589123663824699,0.8745924031626809,0.8894055612723958,0.903337190513498,0.9163739007032803,0.9285031779678975,0.9397133765056267,0.9499937326073793,0.9593343786984779,0.9677263561299753,0.9751616267061608,0.9816330829974814,0.9871345574829065,0.9916608305587271,0.9952076374452541,0.9977716740187458,0.9993506015929259,1,0.9995525834164848,0.9981681453965644,0.9958024353874623,0.992454721018462,0.9881282936952106,0.982827610626659,0.9765581091365121,0.9693261920238259,0.961139222459637,0.9520055187201877,0.9419343482408552,0.9309359210145327,0.9190213823980614,0.9062028054042137,0.8924931825720208,0.8779064175272574,0.8624573163688147,0.8461615790470052,0.8290357909385602,0.8096966662722976,0.7908239878741027,0.7712036187066362,0.7508223312428919,0.7296995175094808,0.707856067478553,0.6860505753929487,0.6637471269740296,0.640059083560403,0.6157152694455693,0.5891664092733415,0.563443563623715,0.5372216036200151,0.5120928717329128,0.48516584651844896,0.4560002706196759,0.42780043612249724,0.400923228689007,0.37238836194852293,0.34162926121399445,0.31204372431545874,0.28405445122903816,0.2529281782988188,0.22286787383423773,0.19293150454894237,0.16316701377172166,0.13505266458678386,0.1064165083251309,0.07821492381581596,0.054411358803548956
3,0,0.0010827264049983682,0.023731694897413776,0.06623003781881238,0.10552345982836536,0.14352023571066216,0.17777105761575787,0.2103632230534025,0.2420861947174776,0.2710253561809785,0.3015049963185817,0.3333318218624139,0.36171230846196745,0.39102072542077093,0.42083311178301885,0.4509296879433596,0.47671602250263045,0.5040991207833803,0.5311988190335041,0.5598715075487579,0.5857450152588612,0.6087932004957145,0.6333211123501924,0.6574317346511984,0.6808927605914447,0.7036646076889447,0.7270261595068838,0.7489897378848083,0.7694361174393909,0.7891099012928159,0.8080056046875466,0.8242053168654164,0.8414187508753268,0.857992331417433,0.8737296746350663,0.88859972162839,0.9025871522035406,0.9156786539260874,0.9278618349942477,0.9391251618068827,0.9494579708632241,0.9588504842627417,0.9672938239892226,0.9747800247579944,0.9813020454930411,0.9868537795051411,0.9914300634315307,0.9950266849885463,0.9976403895817594,0.9992688858129658,1,0.9995739588450876,0.9982353649471041,0.9959189346844908,0.9926209428939007,0.9883444376107711,0.9830939028574041,0.9768748274338893,0.9696936710498194,0.961557858609975,0.9524757757754556,0.9424567640396074,0.9315111152784439,0.9196500658598,0.9068857904196884,0.8932313954363461,0.8787009127595551,0.8633092932869166,0.8470724010219965,0.8300070078044598,0.8100531860483868,0.7911590208348355,0.7715486111908921,0.7511777652364552,0.7300647875324945,0.7082305563093113,0.6864214795351553,0.6648979355250311,0.6413611540322639,0.6171071618415521,0.5898839189139871,0.5641247624235203,0.5379182022122138,0.5127661642950232,0.4867966778513661,0.4570363624641662,0.42881039509122515,0.4019169690490546,0.3744168483726133,0.34310940653531974,0.31354548660467335,0.28643664080318576,0.2550502529451009,0.2251685658012782,0.19559153215164665,0.16712165005729923,0.13951097098403506,0.11183145867552603,0.08447559185065193,0.06227502659613123
4,0,0.00002973642123126118,0.011049211309514691,0.05220933695269714,0.09641966300966395,0.1380700262339732,0.17411721146466905,0.20756926884805008,0.23977789536846766,0.26839237251065623,0.29894693565503994,0.3308917779972134,0.3603694347237054,0.3889995455108187,0.4188708065548912,0.44984514994482505,0.4750985397381362,0.5024429263575863,0.5296359674683285,0.5583077598608681,0.5850403409305487,0.6074895346768558,0.631952731008998,0.6561263305496405,0.6796627136635377,0.7025065213383127,0.72587623903251,0.7485938523466149,0.7690762110530421,0.7887612395340514,0.8076681652817292,0.823311334680117,0.8404533469844457,0.8570692576255318,0.8728632508938946,0.8877902921531389,0.9018336891035383,0.9149801333463674,0.9272173507463499,0.9385339215900881,0.9489192844537337,0.958363752716739,0.9668585303474454,0.9743957261056128,0.9809683662144851,0.9865704055995828,0.9911967377791691,0.9948432034786698,0.9975065980313922,0.9991846776203986,1,0.9995943127938133,0.9983003409440916,0.9960329587139605,0.9927846434868826,0.9885580299236387,0.9833576075500987,0.9771889141176198,0.9700584654620372,0.9619737474586567,0.9529432122456303,0.9429762742871125,0.9320833060460522,0.9202756333603448,0.9075655306594288,0.893966216187361,0.8794918474329932,0.8641575170113311,0.8479792492952011,0.8309739981665456,0.8104204756769915,0.7914946604467303,0.7718934892083121,0.7515330682541,0.7304299404872758,0.7086049419039124,0.6867924936498726,0.6660074771031615,0.6426507936307722,0.6184906975032423,0.5906184811369879,0.5648072641431493,0.5386143252203398,0.5134399072718009,0.48836604722522003,0.458089469733551,0.4298207864938471,0.40291004638794536,0.3763648110539234,0.3446060169418804,0.31504129678981097,0.2879219188229482,0.2579421284705084,0.22748781825613063,0.19818774471071343,0.17084841266594972,0.14377191158999383,0.1168853230163574,0.09013341505650826,0.06900388197822864
5,0,2.2429535782716125e-8,0.0029196110987531852,0.03728199238673006,0.08554375146469949,0.13172148337305223,0.17012460358701614,0.20464179228656715,0.23740565098613037,0.26576096261608384,0.29636498282722057,0.32842609198839007,0.3589740362935703,0.3870103432731687,0.4168983280814198,0.4487294715314573,0.4735062082979468,0.5007852341436404,0.5280635804731686,0.5567394355334175,0.5843134310331534,0.6062150803102505,0.6305866827281984,0.6548155010105677,0.6784266809515527,0.7013429966470026,0.7247241020713557,0.7481850815753016,0.7687155127065161,0.7884124165824031,0.8073305712072766,0.8224467984468095,0.8394925855823177,0.8561435424908574,0.871993179115578,0.8869772631138226,0.9010767864984246,0.9142783255902663,0.9265697135999444,0.9379396458013232,0.9483776646987417,0.9578741765873345,0.9664204688002942,0.9740087252992373,0.9806320405726305,0.9862844319608906,0.9909608505182315,0.9946571905052152,0.9973702975928598,0.9990979758491761,1,0.9996136941013345,0.9983631344209333,0.996144522013225,0.9929458264684154,0.9887690732886585,0.9836187278576172,0.9775003730596469,0.9704205799338226,0.9623868945632664,0.9534078346721356,0.943492886629446,0.9326525022142936,0.9208980952242568,0.9082420380894535,0.8946976586916978,0.8802792376298174,0.8650020062242305,0.8488821456197024,0.8319367874289814,0.8107982769674884,0.7918310796007032,0.772238268167883,0.7518882407848425,0.7307949760982674,0.7089792239922492,0.6871636142348387,0.6663586484500854,0.6438891269206343,0.6198636079332391,0.5913693823154543,0.5654914564657302,0.5393100299931151,0.51411407895452,0.4898781464705189,0.4591570603881302,0.4308320999514196,0.4039025274802489,0.3782388001625857,0.34611492489061824,0.31653213055962437,0.2894008513794413,0.26068573978147347,0.2298135612148239,0.20072830373277556,0.1743784027858586,0.14784857455190503,0.1216399442215503,0.09533131418078747,0.07497740020950035
6,0,1.2770588488978929e-14,0.00021528023002976912,0.022782852826876924,0.07337188857192,0.12353221667290441,0.16476841473193116,0.2006597211141212,0.2348993847123497,0.26311956207638443,0.2937597447302276,0.32593446214673694,0.35752683602566904,0.38504799087031266,0.4149178539461666,0.44676594451821294,0.4718863318024956,0.49912453159081804,0.5264819335591833,0.5551662525181993,0.5835647258880157,0.6049671913419102,0.6292242689084484,0.6534996816737659,0.6771846819289107,0.700173983223301,0.7235695843261992,0.7470588375053736,0.7683416536013983,0.7880632063870012,0.8069928184623275,0.821610168188022,0.8385377188174714,0.8552156296457772,0.8711195272009792,0.8861606287136169,0.9003164300623102,0.9135732171803652,0.9259189117916825,0.9373423242629317,0.9478331028114513,0.9573817483091377,0.9659796328629306,0.9736190168181966,0.9802930639151998,0.9859958547269217,0.9907223985135208,0.9944686436098987,0.9972314864464459,0.9990087792903878,1,0.999632149268966,0.9984238056978141,0.9962536412961961,0.9931044961217613,0.988977570425117,0.983877266896689,0.9778092080782611,0.970780019077495,0.9627973054128041,0.9538696495186287,0.9440066086236353,0.9332187125772001,0.921517461656164,0.9089153245348734,0.895425736649163,0.8810630992332812,0.8658427793686702,0.8497811114591212,0.832895400642886,0.8111863366736289,0.7921684438513165,0.7725829660843746,0.7522432836186549,0.731159894107767,0.7093534023040811,0.6875348378397609,0.6667101973679441,0.645079115019195,0.6212239242512105,0.5921358767974956,0.5661776977263525,0.5400053816223629,0.5147886599113242,0.4913368519472395,0.46023682617025585,0.43184472676696295,0.40489449020339524,0.38004477069036535,0.34763246625042155,0.318018727097339,0.2908736663594915,0.26329702457417725,0.23213613273876735,0.2032195061000595,0.17773741719335942,0.15175394814966667,0.12614048317133097,0.10016454939715032,0.08040499336713032
7,0,4.13994203059987e-27,0.0000011700704323279563,0.010325604622478009,0.05850878156735835,0.11463740673157471,0.15886019573266216,0.19642150407864742,0.23224619608205538,0.2604561223645217,0.2911308416063703,0.3234165697674473,0.3560284974851623,0.3831076469157473,0.4129311608334269,0.44479299574453857,0.47023974788083434,0.4974594228036282,0.5248912132099144,0.5535879501079412,0.582794647633649,0.6037433681140014,0.6278665984121328,0.6521793458593922,0.6759367586848795,0.6989994347249362,0.7224125261198406,0.7459297263935479,0.7679548174049536,0.7877133901487546,0.806654899283115,0.8207999807141343,0.8375898575099768,0.8542859991588507,0.8702423846636251,0.8853403880138941,0.89955260608695,0.9128647945714269,0.9252649334220321,0.9367419466723663,0.9472855898971082,0.9568864602233945,0.9655360159691307,0.9732265950702038,0.9799514315262398,0.9857046699782687,0.9904813785776884,0.9942775602862816,0.9970901627272942,0.9989170866921175,1,0.9996497225727431,0.9984824143103489,0.9963603353110949,0.993260657410413,0.9891835241463672,0.9841332277542779,0.9781154229393958,0.97113678744495,0.9632049854283096,0.9543286631717668,0.9445174477386143,0.9337819458270898,0.922133742742248,0.9095854016817574,0.8961504635950867,0.8818434479306222,0.866679854652383,0.8506761679924876,0.8338498625126393,0.8115844063941627,0.7925069116248528,0.7729276034117007,0.7525981978833731,0.7315246942813887,0.7097274765694308,0.6879061610654827,0.6670621194154844,0.6462235345407652,0.6225699478156047,0.5929171946864028,0.5668663170617244,0.5407004519821587,0.5154636331018508,0.4919706642080906,0.4613006933865389,0.43285807807074955,0.4058859883624648,0.38099271887244,0.34912003916772755,0.3194999458485034,0.29234051673223455,0.26578990022790383,0.23444785645267588,0.20647856178165924,0.18104002128230395,0.15551244355195787,0.13042275210387502,0.10470013838938143,0.08541547050768784
8,0,0,3.4752151605199784e-11,0.0025666531915185106,0.04310595989393366,0.10401539018266562,0.15220799613978356,0.19186392542923425,0.22858630258277446,0.25768429809591853,0.28847102695958327,0.32087157844429665,0.3544796040787829,0.381184741540286,0.410939658169352,0.4428107807830899,0.4685672593168492,0.49578862151655956,0.5232915265811336,0.5520042839307019,0.5820036011082379,0.6025412506116526,0.6265146033824454,0.6508549938729702,0.6746829763298194,0.6978193098060066,0.7212527724385033,0.7447977437919924,0.7675551846244512,0.7873627561348707,0.8063168023362062,0.8200148458535206,0.8366499820283672,0.8533551588676443,0.8693618630241978,0.8845165458327309,0.8987853017451649,0.9121530441977506,0.9246077664604111,0.9361385026013375,0.94673511695169,0.9563883045768634,0.9650896114703724,0.9728314543906204,0.9796071386255311,0.9854108737377864,0.9902377874708611,0.9940839379794817,0.996946324525195,0.998822896759296,1,0.9996664561701039,0.9985390189467241,0.9964646247021062,0.9934143160361506,0.9893869373907985,0.9843866134951392,0.978419021358223,0.9714908895283053,0.963609939963486,0.9547848819419622,0.9450254113561626,0.934342210555737,0.9227469484517055,0.9102522810789622,0.8968718529026268,0.8826202992159793,0.8675132500514949,0.8515673361190077,0.8348001974020423,0.8119922424757589,0.792846634422286,0.7732722028825373,0.7529529850782525,0.7318893764140056,0.7101014465190755,0.6882775805631733,0.6674144101674697,0.6473249905941546,0.6239002234958626,0.5937125487305702,0.5675576147327609,0.5413953188022114,0.5161389839646547,0.49260540124238766,0.46234927283329474,0.43387160857662216,0.406877054236507,0.38194090132336994,0.3505792800397282,0.3209747931498826,0.2938014935001611,0.26817656100109644,0.23674269036974654,0.20960089294563497,0.18427944498456933,0.15914242649000243,0.13451549769834373,0.10898723646234991,0.09009425645871363
9,0,0,3.065730390456416e-20,0.00016656227915913633,0.027596574305573968,0.09142606009798394,0.14457989104821795,0.18690028930162994,0.2247609419785963,0.25479636533934924,0.28577279265191285,0.31829813515453853,0.35204572040235543,0.379218539157288,0.40894085862230384,0.4408193018846765,0.4668696266542131,0.4941109438935758,0.5216829104137938,0.5504150215952524,0.581191974597163,0.6013586118885682,0.625169054046939,0.649527143513627,0.6734234229116287,0.6966335730227025,0.7200901730163116,0.7436628784866127,0.7671429325384428,0.7870110994957034,0.8059785129040203,0.8192534428424995,0.8357189524402753,0.852423636667275,0.8684780957846495,0.8836891135992166,0.8980145053853279,0.9114379525331623,0.9239473987530777,0.9355319814953895,0.9461816748606309,0.9558872735206778,0.9646404126349069,0.9724335890417077,0.9792601803679858,0.9851144619701121,0.9899916219002628,0.9938877740858811,0.9967999698843663,0.9987262081535486,1,0.9996823902014408,0.9985936773926747,0.9965665318751161,0.9935654784878586,0.9895878132536436,0.9846374271705386,0.9787200070010902,0.9718423297606062,0.964012174305322,0.9552383120641272,0.9455305067718284,0.9348995152555224,0.9233570886381834,0.9109159741399309,0.8975899177850314,0.8833936683932527,0.8683429833141648,0.8524546364627266,0.8357464293403383,0.8124096059181666,0.7931877570172666,0.7736167893540107,0.7533076471043214,0.7322539403361151,0.7104753118851368,0.6886490930335395,0.6677670652152363,0.6476620767472968,0.6251747103622913,0.5945201441910556,0.5682518369425116,0.5420900641147279,0.51681470046187,0.4932410488776411,0.46338315117159673,0.4348848140029038,0.4078677009222728,0.3828893011569215,0.35201172487115867,0.32244240757008147,0.29525663688161496,0.269668162911834,0.23896239962789764,0.2125972888341384,0.18745115426674794,0.1626579034977901,0.1384420244484782,0.11306310142448002,0.09450124647601035
10,0,0,0,7.012801003500378e-7,0.014260847800892507,0.07640906015059595,0.136425602648148,0.18149300389494055,0.22073763121389986,0.2526290189989717,0.2830967184414611,0.3156994283581879,0.3495858820700325,0.37720962059671087,0.4069324247068662,0.43881842270511473,0.4651475619682179,0.492425301234351,0.5200653391864338,0.5488199389247673,0.5795754317963772,0.600149786203265,0.6238282366408914,0.6481962006485468,0.6721582028443298,0.6954421953836163,0.718924582442529,0.7425251129871865,0.7667182351381089,0.7866582220840438,0.8056400130637877,0.8185145168710511,0.8347975179827611,0.8514919736723495,0.8675912380474967,0.8828581101474018,0.8972402068523783,0.9107195061643902,0.9232838180343205,0.9349223726740473,0.9456252543976094,0.9553833591091984,0.9641884126468152,0.9720329932118652,0.9789105518430352,0.9848154305811762,0.9897428785198269,0.9936890659528262,0.9966510968032296,0.9986270194930384,1,0.9996975628867665,0.9986464464836866,0.9966660808676772,0.9937141520817566,0.9897861550191698,0.9848856718280934,0.9790183834878355,0.9721911125166065,0.9644116936747197,0.955688959698408,0.9460327411958376,0.9354538683205641,0.9239641730411906,0.9115764921444582,0.8983046712978571,0.884163570578908,0.8691690719641485,0.8533380893770904,0.8366885820280962,0.8128362622815473,0.7935304176492273,0.7739613896592779,0.7536621862916952,0.7326183859205637,0.7108490724017754,0.6890206952260631,0.6681200801672283,0.6479994647073091,0.6263967196462468,0.5953383179396193,0.5689491806455834,0.5427847728673281,0.5174907730866118,0.49387759308139945,0.46440289196879236,0.4358972286348391,0.4088579244897135,0.383837902029738,0.353418816452992,0.32390204665105493,0.29670594594743604,0.2711499061962516,0.241113398048761,0.21547746202616277,0.19055233724170664,0.16606971155170203,0.1422213835937548,0.11695672529382116,0.09868027622550267
11,0,0,0,1.24837736994474e-11,0.004709093351709709,0.06059013187652922,0.12601521206365043,0.17625551211674917,0.21654290908726392,0.25031295155010613,0.2804294152811141,0.31307749630837706,0.3470998154125563,0.375158507735249,0.40491215851853535,0.4368078818821427,0.4634017236848155,0.4907306926578729,0.5184387325356955,0.5472188167196866,0.5779554336010873,0.5989158949023511,0.6224905763958847,0.6468624712423257,0.670887431208561,0.6942451546009163,0.7177558602765634,0.741384424003644,0.765583039325987,0.7862917952421076,0.8053010692869694,0.8177968642347193,0.8338863252763619,0.8505607181435673,0.8667014658370437,0.8820235624374029,0.8964623978304093,0.9099976918782906,0.922617011941487,0.9343096653316977,0.9450658462234315,0.9548765532988607,0.9637336046050494,0.9716296610148544,0.9785582480740065,0.9845137754177034,0.9894915539298031,0.9934878108783219,0.9964997032341812,0.9985253293523046,1,0.9997120106177332,0.9986973820638553,0.9967632972233095,0.99386034499367,0.989981966192853,0.9851313505226811,0.9793141543945154,0.9725372421136405,0.9648085032271295,0.956136830930909,0.9465321217539876,0.9360052780478292,0.9245682112874828,0.9122338462404245,0.8990161263411467,0.8849300207047252,0.8699915333042908,0.8542177149494117,0.8376266788429606,0.8132719815959222,0.7938747482117149,0.7743060324648112,0.7540166054239898,0.7329827130895817,0.7112227278059933,0.6893923839382622,0.6684734506495124,0.6483371555029296,0.6275693495446005,0.5961655295696735,0.569649798001414,0.5434795316882807,0.518167194838104,0.49451502002289865,0.465409036689658,0.4369084230213798,0.4098477059626211,0.3847866875679988,0.3548019109004291,0.3253530749175712,0.298149386906884,0.2726221903495401,0.24400855426747206,0.2183306969830004,0.19359028346044257,0.16938742128695913,0.14509780131778782,0.12059367876214788,0.10264702419481507
12,0,0,0,3.9560559030202106e-21,0.0005558196355324058,0.04447569653183847,0.11405834575013246,0.1701915355635994,0.21210609489217067,0.24783795198056172,0.2777573386067033,0.3104332626085471,0.3445873186843829,0.3730656716651436,0.40287799229464405,0.43478730555081857,0.4624439924366875,0.48907377004753916,0.5168056104077399,0.5456115780963223,0.5763318163422322,0.5976579929686272,0.6211546279092902,0.6455261723817249,0.6696112288385156,0.6930424350923323,0.7165838711586697,0.7402407829088504,0.7644460365233128,0.7859120291378701,0.8049614559404942,0.8170993303571839,0.8329859260353062,0.8496304201153856,0.8658089751732593,0.8811855061943826,0.8956810722016283,0.9092724967631048,0.921946968034378,0.9336938485393891,0.9445034408850507,0.954366847947025,0.9632759815224589,0.9712235864890104,0.9782032640174881,0.9842094922667061,0.9892376446763557,0.9932840061107202,0.9963457870833574,0.9984211362620964,1,0.9997257680452286,0.998746538950869,0.9968582078702183,0.9940040662839406,0.9901752505331848,0.9853744663283444,0.9796073232565705,0.9728807228126036,0.9652026080532002,0.9565819317744109,0.9470286554885267,0.9365537526382269,0.9251692128924258,0.9128880474454979,0.8997242956615668,0.8856930335204942,0.8708103844199461,0.8550935330052379,0.8385607428452736,0.8137165382726731,0.7942208744360546,0.7746507481332242,0.7543709077599817,0.7333469218220711,0.7115962778385461,0.689764156014981,0.6688271723062723,0.6486751500746232,0.6286955008059227,0.5970003531352324,0.5703538004970921,0.5441744277913813,0.5188439611690496,0.4951533161316241,0.4664021056402357,0.43791800179942053,0.41083701313689547,0.38573564088588047,0.3561622836192791,0.3267949530336236,0.299586900213921,0.2740853802321411,0.24674730190889535,0.22114498335928523,0.1965698071338012,0.17261933923811626,0.148742470675883,0.12412192959068136,0.10643724716780094
13,0,0,0,0,0.000007733098856601076,0.028755872731728267,0.10044660847271406,0.16312374961667647,0.20816293058081103,0.24524225626115279,0.2750708106029863,0.3077668736250516,0.3420482055734351,0.3709315365651829,0.400827979518435,0.4327562188650593,0.46144954222193907,0.48745051926358823,0.5151681577104442,0.5439982651251621,0.5747044249448137,0.5963770729905801,0.619819066094496,0.6441874423682339,0.6683297181169127,0.6918340277781729,0.7154084849068117,0.7390941561877832,0.7633071656932444,0.7855191293098295,0.8046209550628589,0.8164208078772857,0.8320967843025923,0.8487016266658189,0.8649139809435378,0.8803439864588876,0.8948962264164034,0.9085439083236553,0.9212736738195002,0.9330749112477482,0.9439380288147727,0.9538542348108368,0.9628155363248042,0.9708147635964394,0.9778455945626845,0.9839025768549677,0.9889811472511544,0.9930776488484017,0.9961893462103943,0.9983144387092019,1,0.9997388681627628,0.9987939709066224,0.9969508410044786,0.9941453259155492,0.9903660120828037,0.9856150223511121,0.9798978935724545,0.9732215588190586,0.9655940131794465,0.9570242681690804,0.94752234935902,0.9370993001976838,0.925767187261334,0.9135391066488073,0.9004291918545044,0.8864526235966596,0.8716256421823297,0.855965563112628,0.8394907967835693,0.814169711018043,0.7945689160704509,0.774995568591462,0.7547250970526497,0.7337110121611005,0.7119697222449669,0.6901360083477077,0.6691812408002846,0.6490134492762937,0.6290284712877187,0.5978222354990194,0.571060767686766,0.5448695352088738,0.5195210695763344,0.49579246814351835,0.46738259886684813,0.43892560163887157,0.41182580224807125,0.38668474418603765,0.35750113476130385,0.32822722799587284,0.3010184066438702,0.2755398079076387,0.24934695925088157,0.22391162238724077,0.19949401757021015,0.17577258523638678,0.1522613726444229,0.12754793264638642,0.11007720177857307
14,0,0,0,0,1.5177228310727536e-9,0.01522281144616254,0.08577378327206658,0.1541095568162116,0.20372331098325797,0.24163561932850552,0.2722863401416475,0.30507211020340713,0.3394818617469518,0.3695838749054279,0.3988137137679657,0.430717271187725,0.4604192455605933,0.48585715673114227,0.5135282512204573,0.5423790177743825,0.5730731175422432,0.5950740691622227,0.6184826776997204,0.6428463499467517,0.6670430194061497,0.6906199297123812,0.7142295765923486,0.7379445058726671,0.7621663665081038,0.7851132967529137,0.8042793561459808,0.8157602347997529,0.83121928323684,0.8477748777737828,0.8640167156125708,0.8794990580444018,0.8941078598691453,0.9078119146101228,0.9205971167796354,0.9324528422912259,0.9433696003297039,0.9533387055461099,0.9623522618497591,0.970403186222202,0.9774852345307582,0.9835930248485172,0.9887220580909584,0.9928687362394512,0.996030378428183,0.9982052351362724,1,0.9997513423858503,0.9988397306129982,0.9970412259777147,0.9942841347659958,0.9905542551986855,0.985853021742646,0.9801858688077413,0.9735597542844834,0.9659827235689418,0.9574638459831757,0.9480132102432026,0.9376419287382004,0.9263621436907856,0.9141870346125845,0.9011308273661264,0.8872088053269117,0.8724373232518018,0.8568338245863375,0.8404168630999468,0.8146312827485811,0.7949189870546252,0.7753405272041963,0.7550791775657297,0.7340749842215608,0.7123430607767042,0.6905079378739226,0.669535651813376,0.6493520538769784,0.6293615696817659,0.5986315158208687,0.5717702988491177,0.5455649156526865,0.5201985192253183,0.4964324631360643,0.4683509970126341,0.4399308893022371,0.41281401949896174,0.38763397843319464,0.3596475449198559,0.32968791582127993,0.302445717597902,0.27698587655657303,0.25182257551157233,0.22662451865633246,0.2023648754910057,0.17885320735222873,0.1556677363891276,0.13087813892915026,0.11358674450101339
15,0,0,0,0,5.847301741188206e-17,0.005183338707544954,0.06915141270898836,0.1437211162586436,0.19867892766554446,0.23785993696077384,0.27022755377498103,0.3024062102030316,0.3368917041942323,0.368179543464981,0.3968297042764256,0.4286726663595047,0.4593540181653732,0.4842901243614192,0.5118874850573396,0.540754054998871,0.5714377689739413,0.5937498612555804,0.6171443533788641,0.641502902734702,0.6657512480498919,0.6894001435819372,0.7130470265891065,0.7367917899633856,0.7610235791383388,0.784694727999646,0.8039364559225906,0.8151165927087283,0.8303537314761895,0.8468507027134248,0.8631174278060041,0.8786507859000072,0.8933159752749105,0.9070765043598114,0.9199172844091285,0.9318276303938962,0.9427981456315053,0.9528202517062456,0.9618861508459029,0.9699888481734847,0.9771221786741617,0.9832808318520934,0.9884603735771916,0.9926572653813268,0.9958688815026178,0.9980935239416416,1,0.999763220627579,0.9988838696523892,0.99712939318928,0.9944205046334563,0.9907399845811637,0.9860884677146163,0.9804712523997235,0.9738953133076788,0.966368744122043,0.957900671013749,0.948501244937819,0.9381816461788908,0.9269540913699165,0.9148318419737779,0.9018292144953992,0.8879615929307306,0.8732454440810844,0.8576983364919162,0.8413389639353233,0.8151010405084772,0.7952711956900902,0.7756856586522626,0.7554331540879103,0.7344388381979394,0.712716293192372,0.6908799415764778,0.6698904010468637,0.6496909645625208,0.6296947989977281,0.5994285244019795,0.5724820122394239,0.5462606193330541,0.5208763106056753,0.4970732885533808,0.4701052364922127,0.44096076109085025,0.4138025569520827,0.3885833576817662,0.3616979399917186,0.33117101509993613,0.30387022931639884,0.27842403308873087,0.253377023956661,0.22920174789476355,0.20517545944839324,0.1818653837426904,0.15819093872534473,0.13403024407957137,0.11696673129307066
16,0,0,0,0,8.628166150854817e-32,0.0006717254017022312,0.052062283364092236,0.13255878429783907,0.19210612389583684,0.23378745522856528,0.2680324197850677,0.2997570821240023,0.33428014448104215,0.36671961214976107,0.3948707794595994,0.4266241995859065,0.4582548041461915,0.482746083338525,0.5102471947521988,0.5391236578217216,0.5697982733039257,0.5924052785176896,0.615803080294404,0.6401570549120007,0.6644545118850106,0.6881746771046604,0.7118607205920263,0.7356359628323357,0.759878744067644,0.7842636151970906,0.8035920581589743,0.8144889050430681,0.8295003691030188,0.8459296169386261,0.8622163807994185,0.8777992453777616,0.8925205790418322,0.9063376671510832,0.9192341642552398,0.9311992641770369,0.9422236548065309,0.9522988647412053,0.9614171959717069,0.9695717431787563,0.9767564216759568,0.9829659934086006,0.9881960900355107,0.9924432333205222,0.9957048531523403,0.9979793034791404,1,0.9997745313705519,0.998926438492557,0.9972153739829243,0.9945544482377091,0.9909232053015896,0.9863213635537056,0.980754047762508,0.9742282399363509,0.9667520796771534,0.9583347489873475,0.9489864601594515,0.9387184603470051,0.9275430393816906,0.9154735392456367,0.9025243653960733,0.8887110004558796,0.8740500209184151,0.8585591176497186,0.8422571211345711,0.8162562677464832,0.7956374724971147,0.7760312037052454,0.7557870354656829,0.7348025744321757,0.7130894192601265,0.6912520164830257,0.6702454842219782,0.6500301819372256,0.6300281622070177,0.600213582925969,0.5731955443674515,0.5469566857363718,0.5215544452168432,0.4977149322223897,0.47178569165724904,0.4420117999395912,0.41479215150233106,0.38953292204128026,0.36366053657807684,0.33267125881719783,0.3052929879640753,0.2798547464529171,0.2549152010534074,0.2308504187741769,0.20783779719721995,0.18480262631722494,0.16151038300198803,0.13712449023270198,0.12023675442822737
17,0,0,0,0,1.0947644252537633e-47,0.000011261885978088785,0.03611901280370238,0.11976166313841333,0.1847135922869826,0.23019850419477794,0.2657355696702888,0.2971159090540729,0.33164886014535677,0.36520516538449815,0.39293207788192835,0.42457329234383395,0.45712256282244595,0.48122190697112843,0.5086084799385946,0.5374881542619425,0.5681545454864122,0.5910411034525054,0.6144579352297156,0.6388087142285334,0.6631529092090307,0.6869435423516338,0.7106705496029624,0.7344769756128111,0.7587318019325335,0.783820146180064,0.8032459734528802,0.8138762354322755,0.8286593732318719,0.8450121194143313,0.8613138509404129,0.8769445224058514,0.8917216816347683,0.9055953935684533,0.9185477439658413,0.9305677321687272,0.941646117826427,0.9517745359965564,0.960945389794518,0.9691518648869127,0.9763879581491222,0.9826485049985539,0.9879292037353642,0.9922266370522221,0.9955382910484768,0.9978625720579059,1,0.999785301735375,0.9989674864754601,0.9972992005479179,0.9946859792162972,0.9911039228284662,0.9865517126371368,0.9810342582926078,0.9745585381688852,0.967132735011531,0.958766085560716,0.9494688625453377,0.9392523789789354,0.9281289967041493,0.9161121368192684,0.9032162920786295,0.8894570417808514,0.874851069810637,0.8594161866388313,0.8431713562515419,0.8167299762855676,0.7960056781866518,0.7763771887776934,0.7561408308523739,0.7351661934164845,0.7134624387600534,0.6916241596654984,0.6706008970802724,0.6503697065254921,0.6303616622420981,0.6009870046927401,0.5739105493003634,0.5476531443640502,0.5222329252812506,0.4983573823610304,0.4733976262236444,0.4430808972435485,0.4157834020447294,0.39048273157606933,0.3655427631416838,0.3341840333530927,0.3067147458522535,0.2812784906671668,0.25643795929654617,0.23247928130661358,0.20958517543130947,0.18679190002446214,0.16385286274849012,0.14006513881172108,0.12339631463755404
18,0,0,0,0,0,3.2186125602339368e-9,0.021629902251935677,0.10464235067588848,0.17626157591301023,0.22618985453991972,0.2633148376832733,0.2944725658914144,0.32899872957227944,0.36363726763999826,0.39100903641523593,0.4225210252590021,0.45514765778457733,0.4796662653758124,0.5069694815655679,0.5358477583184169,0.5665065147537287,0.5896580750304381,0.613108078163135,0.6374577483809262,0.6618465271530336,0.6857067550170144,0.7094764098823769,0.7333147765699661,0.7575826933846834,0.7826661300624453,0.8028857992048938,0.8132770198477156,0.8278308273555399,0.8440986884467268,0.8604101259280093,0.876086713564588,0.890919297925617,0.9048496753776495,0.9178580113436596,0.9299330228156925,0.9410655245492862,0.9512472567126157,0.9604707247895449,0.9687292068664098,0.9760167826358495,0.9823283620395148,0.987659710889545,0.9920074735199516,0.9953691928143704,0.997743327942186,1,0.9997955575458594,0.9990070618097,0.9973809058245873,0.9948151121163697,0.9912821430519283,0.986779518448621,0.98131188737503,0.9748862119563249,0.9675107148421515,0.9591946863215032,0.9499484586541762,0.9397834097212052,0.9287119722116397,0.9167476449651681,0.9039050064121913,0.8901997306172685,0.8756486066062273,0.8602695618009183,0.8440816905539809,0.8178916144173423,0.796387793530686,0.7767238474393875,0.7564945532639126,0.73552969585675,0.7138353514875868,0.6919963682396513,0.6709566353840171,0.6507095387734291,0.6306953019958217,0.6017490948454192,0.5746266979898338,0.5483500154340702,0.5229117534835808,0.4990006275794269,0.4749458878901302,0.444165227076037,0.41677678500494697,0.39143286103662867,0.3673513497743593,0.3357053061824041,0.3081360099582606,0.2826957317485293,0.25794610540949253,0.23408911620591522,0.21130778024711463,0.18873767186724288,0.16612389593585516,0.14287058834460306,0.12644757794588476
19,0,0,0,0,0,2.6297105896980625e-16,0.009481943707316838,0.08879009774738672,0.16666294327874648,0.22085368977045902,0.25982837394433184,0.2917430467772968,0.3263245466574161,0.36118299724267905,0.38904230438421433,0.4204647809590358,0.45316005539853715,0.4780799960122854,0.5053284712604614,0.5342025815553217,0.5648541188298954,0.5882568914003412,0.6117527462611363,0.6361039908060457,0.6605354404143335,0.6844643336548901,0.7082782028666597,0.7321493114534386,0.756431358974375,0.7815108027395046,0.8025117651633226,0.8126897884708996,0.8270147311370257,0.8431897782367305,0.8595055029940226,0.8752259260647537,0.8901134475259411,0.904100505709279,0.9171649544071983,0.9292951244976261,0.9404818647214506,0.9507170180237174,0.9599931933388519,0.9683037626043847,0.975642889606827,0.9820055598855163,0.9873876076537329,0.9917857396152178,0.9951975560253072,0.9976215693511397,1,0.9998053233910941,0.9990452115662665,0.9974605234142048,0.99494186238262,0.9914578723064598,0.9870047845946187,0.9815869383898455,0.9752112652045686,0.9678860238266317,0.9596205567889752,0.9504252549669244,0.9403115601314429,0.9292919746760218,0.9173800738347211,0.9045905201264012,0.8909390805122375,0.8764426469582666,0.861119261243986,0.8449881450283331,0.8183688228610696,0.7967716275119132,0.7770711980709313,0.7568482158156852,0.7358930826707321,0.7142081572568446,0.692368639364671,0.6713126949165809,0.6510496790504502,0.631029084320807,0.6025001505906079,0.5753436776225904,0.549047310546867,0.523590932734425,0.49964465687484344,0.47643494649087303,0.445262222592988,0.41777266838429283,0.3923833953304883,0.3682882327772571,0.3371948918093625,0.30955529819608113,0.2841068243957589,0.25944039852492773,0.23568067496587192,0.21300672040816282,0.19064292367340002,0.16832929811710715,0.14555609621672186,0.12939429259237592
20,0,0,0,0,0,1.7749370367472766e-30,0.002180382277032058,0.0713654487685477,0.15570357267583593,0.21489778548270316,0.2560988150086854,0.28891291585278683,0.32362028860097214,0.35869739216806457,0.3870321092262693,0.4184020707338568,0.4511599597914716,0.4764639031923854,0.5036838439532271,0.5325526438470456,0.5631972988991012,0.5876134508118966,0.6104336337138412,0.6347494835748811,0.6592198245301192,0.6832163045496247,0.7070758353227788,0.7309805238434074,0.7552777390539648,0.7803541150319704,0.8021240962878053,0.8121131606858522,0.8262110094554526,0.8422858160826706,0.8586002870250532,0.8743622776298289,0.8893041550978196,0.9033478792496001,0.9164685614583821,0.9286540255442093,0.9398951279800694,0.9501838109576367,0.9595127877303692,0.9678755255057665,0.9752662734605118,0.9816800938264785,0.9871128901260301,0.9915614321771453,0.9950233782082367,0.9974972944586302,1,0.999814622684543,0.999081981677281,0.9975380874931618,0.9950662463417127,0.991631117391767,0.987227514820813,0.9818594147192319,0.9755337017767984,0.9682586665642239,0.9600437024147384,0.950899257887587,0.9408368376793407,0.9298690127678553,0.9180094334616788,0.9052728448132638,0.8916751048506587,0.877233206327348,0.8619653028460711,0.8458907403844464,0.8195357641774914,0.7971691998685084,0.7774194670761749,0.7572018352976462,0.7362563550472647,0.7145808559049105,0.6927409702428606,0.6716690714828023,0.6513901276508497,0.6313630120288483,0.6032404614121805,0.5760611909936268,0.5497450333171054,0.5242704659567661,0.5002894596211979,0.4778689279874161,0.4463695544275954,0.4187713244559375,0.3933344256498464,0.3692241954973045,0.33865452614065206,0.3109713062750206,0.2855120296397951,0.2609215494468081,0.23725468038585826,0.21468303217428528,0.19251033416013938,0.17047421377912544,0.14813445591314336,0.1322410902778767
21,0,0,0,0,0,0,0.00012033067766211321,0.0540005870447862,0.1433169299149843,0.20820521605191789,0.2520761861260768,0.28682349488376824,0.32094159248306453,0.35618369279981815,0.3849788715172667,0.4163305412595928,0.44914742974875593,0.47481875129180945,0.5020341103534016,0.5308978833061417,0.561535995261767,0.5869438323067532,0.6091475334568766,0.6333960066930059,0.6578999382215699,0.6819627055177857,0.7058692196799812,0.7298083554986269,0.7541217737007381,0.7791960170294319,0.8017230128121483,0.8115458403026937,0.8254195207534247,0.8413872001640995,0.8576947886583746,0.8734958962852766,0.8884914506391958,0.9025917924367758,0.9157688211568904,0.9280097142550359,0.9393053038565174,0.9496476264352044,0.9590295001569255,0.9674444888923803,0.9748869285223895,0.9813519590876132,0.9868355543464872,0.9913345479921043,0.994846656841486,0.9973705013930153,1,0.9998234777203064,0.9991174169374611,0.9976136327313477,0.9951882811835733,0.9918018855917494,0.9874477130286907,0.9821293197549681,0.9758535254961492,0.9686286475968873,0.9604641285834757,0.9513704737439972,0.9413592497475981,0.9304430950575665,0.91863573376361,0.9059519919289548,0.892407816857493,0.8780202999844314,0.8628077042588522,0.8467894970601723,0.8200160509197345,0.7975682798723552,0.7777686650428409,0.7575554284024362,0.7366195144401682,0.7149534472959445,0.6931133581194002,0.6720257609093514,0.651730884795359,0.6316970878903629,0.6039703092788464,0.576778955901344,0.5504431799728502,0.5249503558938133,0.5009350255538455,0.4784785651817904,0.44745889979840486,0.41977202767359933,0.3942860133342789,0.37015930548759646,0.34008583802385545,0.31238289028118826,0.2869115301534567,0.26239022076416074,0.23881182698761824,0.2163376864808608,0.19434231832771862,0.17256321487633045,0.15061650142356697,0.13499303580858354
22,0,0,0,0,0,0,3.6643652763199716e-7,0.03795959426373332,0.12954778329386485,0.20150780681017427,0.24863488044022938,0.2846431230851107,0.31828047341812926,0.3536444616212471,0.3828831516738037,0.41424797766215093,0.44712239221421446,0.4731452590131543,0.5003778893571561,0.5292381654204905,0.559870143614366,0.5862485853650292,0.6078914150398711,0.6320450988676138,0.6565761075273031,0.6807035887721481,0.7046582744867627,0.7286327467122548,0.752963402658787,0.7780364581020964,0.8013087303067654,0.8109866110050317,0.824640064730646,0.8404942978443016,0.8567893223801575,0.8726269200593807,0.8876753697403992,0.9018322436608964,0.9150657226010568,0.9273621789226361,0.938712381780791,0.9491084552701516,0.9585433227153162,0.9670106460020431,0.9745048490442235,0.9810211508288186,0.986555596296621,0.9911050837933308,0.9946673893544681,0.9972411882369306,1,0.9998319097266855,0.999151561008047,0.9976871942146464,0.9953079849398856,0.9919701846915244,0.9876653832921357,0.9823966569063611,0.9761707401486276,0.9689959714104462,0.9608818406137006,0.9518389087885926,0.9418788036328515,0.9310142300165961,0.9192589845433256,0.9066279727955985,0.8931372295999855,0.8788039430136397,0.8636464829111872,0.8476844352258668,0.8211872665836315,0.7979809157832336,0.778119011265745,0.7579090153165036,0.7369825626235131,0.7153259313261616,0.6934858002821931,0.6723827590450814,0.6520719506326847,0.6320313146338702,0.6046899688456947,0.5774967045639072,0.5511417399235639,0.5256306049367911,0.501581344750285,0.4790889911348424,0.44853095507139484,0.42077410525132664,0.3952381930338577,0.3710936285862116,0.3414903571872976,0.31378905090143344,0.28830544351250326,0.26384702762754675,0.24035278137891122,0.2179715951554394,0.19614106083416455,0.1746003819191397,0.1530114890563262,0.13765533853079603
23,0,0,0,0,0,0,3.408506025186507e-12,0.023297721786866715,0.11502552160980552,0.19388716647602897,0.2448575223790479,0.28235567487458463,0.31562811247392986,0.35108155312515166,0.38074559688829246,0.4121523030723016,0.44508465526606134,0.47144409462340986,0.4987139004527464,0.52757329142812,0.5581996718926756,0.5855282432924906,0.6066624171169026,0.6306980769704428,0.6552487115864115,0.6794390229662804,0.7034429249489513,0.7274536366790141,0.7518025652997309,0.7768753869103191,0.8008814597406689,0.810434332013583,0.8238723894260672,0.8396074444342589,0.8558842046501386,0.8717554966011712,0.8868559538089483,0.9010692334659899,0.914359255415132,0.9267114078587732,0.9381163510869945,0.9485662881692276,0.9580542474054163,0.9665739899876569,0.9741200292032921,0.9806876641440632,0.9862730118989237,0.9908730362605411,0.9944855731273844,0.9971093530270688,1,0.9998399389171789,0.9991844564229505,0.9977588073714556,0.9954253764601263,0.9921360229924859,0.9878805298739372,0.9826614296085787,0.9764853494862893,0.9693606424358434,0.9612968437585301,0.9523045691991857,0.9423955065465898,0.9315824260185273,0.9198791954902796,0.9073007986030118,0.8938633559898479,0.8795841503150015,0.8644816560125785,0.8485755747887967,0.822345276175698,0.7984066466133166,0.7784707133675632,0.7582626194616795,0.7373455017415813,0.715698307929577,0.6938582940618122,0.6727400617613759,0.6524133252410274,0.6323656949455042,0.6053997076499176,0.5782141830561187,0.55184069629832,0.5263112149713585,0.5022284076073869,0.47970020518986134,0.44958638878164103,0.4217769340316196,0.39619097561925587,0.3720272281162344,0.3428695214292961,0.31518891913842617,0.28969383366383955,0.26529253903271743,0.24187818260373936,0.2195856163125501,0.19790854439695807,0.17658937121776133,0.15532739067708431,0.1402331698251339
24,0,0,0,0,0,0,2.949161416660801e-22,0.010706504430373489,0.09833493584170189,0.18511579711118015,0.23983010958979864,0.2790556758350939,0.3129086053380164,0.34849157832883965,0.3785665832865774,0.4100415556168225,0.4430339192681376,0.469715872014448,0.4970409561798025,0.5259030059598093,0.5565244976216045,0.5847833233683474,0.6054578400347645,0.6293560542715045,0.6539181699407964,0.6781690945271631,0.7022231035115511,0.726270963875357,0.7506392006021831,0.7757127514128137,0.800441407542976,0.8098879339583432,0.8231161977284528,0.8387269423656519,0.8549797520729658,0.8708817827217559,0.8860332502602052,0.9003027647521961,0.9136494098426233,0.926057389424164,0.937517201020041,0.9480211157326376,0.9575622661293532,0.9661345139163001,0.9737324631016145,0.980351494060759,0.9859877970163626,0.9906384020195372,0.9943012054909203,0.9969749937539527,1,0.9998475845390354,0.9992161445969047,0.9978285079031303,0.995540475385442,0.992299409325388,0.9880931572421244,0.9829236413313606,0.9767973572306787,0.9697226650504949,0.9617091432064838,0.9527674610797318,0.9429093656160574,0.9321476913401957,0.9204963761819456,0.9079704804104185,0.8945862087854002,0.8803609366071402,0.8653132405565683,0.8494629353974503,0.822823689337172,0.7988333699813362,0.7788237656072123,0.7586162637711501,0.7377083342944768,0.7160705770834144,0.6942308368315382,0.6730976649524915,0.652755008629582,0.632700231468559,0.6060997863009102,0.5789311507661323,0.5525400264555497,0.5269921872414067,0.5028762048156965,0.4803122064649549,0.450625842878293,0.42277993752635945,0.39714435085684835,0.3729601642214206,0.34422468314192567,0.31658174337804956,0.291076720824993,0.26672727948393943,0.2433886425065911,0.22118055904677938,0.1996465740630747,0.17853347103886888,0.15757112188174835,0.14273155044365923
25,0,0,0,0,0,0,0,0.0027499941432937713,0.08133559635966503,0.17511112127568199,0.2342896765754622,0.2755476992251315,0.31010993744125326,0.345870466630435,0.37718360818162444,0.40796682953319857,0.4409729042380761,0.4679613379811539,0.49535796572511176,0.5242270045870514,0.5548445257497339,0.5840143269328592,0.6042751385420532,0.6280199575123446,0.6525849312353541,0.6768939083730894,0.7009987504530675,0.7250846664527728,0.7494732471498775,0.7745484988744182,0.7999887756639147,0.8093464149515743,0.8223711533530041,0.8378530607249393,0.8540762796329958,0.8700059438659475,0.8852073126719128,0.8995328429762702,0.9129361768453452,0.9254001120617512,0.9369149207436824,0.9474729284548514,0.9570673706907533,0.9656922107683227,0.9733421447651678,0.9800126355391245,0.9856999474518715,0.990401177641806,0.9941142837259354,0.9968381083617038,1,0.9998548649194794,0.9992466658354087,0.9978963317182429,0.9956533021206544,0.99246035306146,0.9883032700860419,0.9831832955880766,0.9771067670765359,0.9700820435797568,0.9621187440823117,0.9532275904610951,0.9434203878851448,0.9327100341627813,0.9211105360851691,0.9086370291481319,0.8953058005936727,0.8811343164299117,0.8661412533240641,0.850346536445757,0.8239854899328262,0.7992730175003931,0.7791783692911592,0.758969974259998,0.7380710631848987,0.7164427388142194,0.6946034260074985,0.6734555645358956,0.6530970007400194,0.633034926803065,0.6067904586649316,0.5796473798713507,0.5532397024655984,0.5276735222290536,0.5035247273313138,0.4809249938662847,0.45164993390323904,0.423782583121813,0.39809828986559437,0.37389249332285385,0.34555711524351423,0.31796687768213544,0.29245409001140343,0.26815173093272004,0.24488474612877315,0.22275718752652743,0.2013567980287921,0.1804356488086617,0.15974872165574655,0.14515528393957589
26,0,0,0,0,0,0,0,0.00019109937524712273,0.06431146886328798,0.16378630311937586,0.22813633335419076,0.2717931931308468,0.3080636151938907,0.3432716108841571,0.3757457868061202,0.4059228646409639,0.4389039052582027,0.46699231142205333,0.49371107101627104,0.522547537993354,0.5531597825459453,0.5832217429110004,0.6031119148313733,0.6266905428925578,0.6512494632033995,0.6756135881047364,0.6997698144664326,0.7238946826431611,0.7483046431483232,0.7733825758742549,0.7988383343063729,0.8087713245130008,0.821634855392522,0.8369859265176871,0.8531740932740153,0.8691281532225289,0.8843782008856972,0.898759476347799,0.9122195482077017,0.9247395643336227,0.936309499349992,0.9469217167258369,0.956569552794081,0.9652470734364469,0.9729490681430928,0.9796710834715364,0.9854094589478323,0.9901613596441105,0.9939248050631463,0.9966986947478045,1,0.9998617975097214,0.9992760593462757,0.9979623148705536,0.9957638778046617,0.9926188641215737,0.9885108733320833,0.9834403959450989,0.9774135826957722,0.9704387822985093,0.9625256514478546,0.9536849633018153,0.943928580315267,0.933269462572882,0.9217216845574978,0.9093004556192079,0.8960221438724689,0.8819043041469897,0.8669657108865979,0.8512263970772175,0.824466385917282,0.7997134626716248,0.7795345119906265,0.7593237762962739,0.738433691700516,0.7168147932035769,0.6949760590489016,0.6738137564526054,0.65343930144795,0.633369783505395,0.6074719720445045,0.5803626548328708,0.553939691567305,0.5283552195497139,0.5041739663458117,0.48153856610013157,0.45265925410779684,0.4247843794393038,0.3990527473713483,0.37482426768327676,0.3468680165847554,0.31934377119076146,0.2938258983639646,0.2695663349069952,0.2463670521478156,0.22431622457579975,0.20304072556453662,0.182298591028698,0.16186549536944106,0.14750892048740583
27,0,0,0,0,0,0,0,9.225447773432069e-7,0.04731903123185571,0.1510188144822869,0.222132791946931,0.267815880482341,0.30590190451875904,0.34068592997691793,0.37425558798253433,0.4039047888343446,0.4368288319055316,0.46598561346026496,0.4920963132798488,0.5208665410044918,0.5514703944431296,0.5824060507031859,0.6019659118900202,0.6253684110361742,0.6499122438328394,0.6743282757486859,0.6985362532054313,0.7227009511742429,0.747133326459774,0.7722149283150822,0.7976857696318517,0.8081643367357142,0.8209051176417068,0.836125543253655,0.8522734838208013,0.8682485905602968,0.8835459810438993,0.8979826760180417,0.911499516645586,0.9240757349616424,0.935700925870414,0.9463674708327763,0.9560688040440888,0.9647990947248815,0.9725532271068931,0.9793268326818715,0.9851163271855475,0.9899189444880727,0.9937327666828041,0.9965567507628553,1,0.9998683989268607,0.999304363252609,0.9980264935005776,0.9958722242794837,0.9927749529834913,0.9887159721590112,0.983694946031453,0.9777178077417152,0.9707928854328666,0.9629298703029431,0.9541395854888765,0.9444339497862321,0.9338259845635708,0.9223298308484875,0.9099607705010687,0.8967352509323906,0.8826709139484031,0.8677866296095196,0.8521025361889473,0.8256310661163948,0.8001666517101516,0.7798923887497635,0.7596776981824823,0.7387962235577601,0.7171867403944766,0.6953487334583738,0.6741722366675248,0.6537819105643711,0.633704804087902,0.6081445673527243,0.5810767719078587,0.5546399565997784,0.5290372778611896,0.5048239132546125,0.4821529216837831,0.45365437251142676,0.42578487384347063,0.40000766377319624,0.3757555350669948,0.3489812047534946,0.32075091433767,0.2951940543882191,0.2709716025058768,0.24783609976646018,0.22585835523571743,0.2046997425300281,0.18412473722004497,0.16392612972234655,0.14902046859142198
28,0,0,0,0,0,0,0,2.160405759328192e-11,0.03130877409509371,0.1359849749276277,0.21523724427417,0.26443308846209646,0.303661183480197,0.33810727392421663,0.37271511751076825,0.4019080823155151,0.43474924404020476,0.46494225629728453,0.4905099687752131,0.519185658426595,0.5497765689995406,0.5807798233980391,0.6007913054504113,0.6240516784863195,0.6485736322997689,0.673038125044599,0.6972980334843616,0.7215034116783303,0.7459592346555393,0.7710455014345717,0.7965310875732698,0.8075270348969953,0.8201799528312631,0.8352718077793005,0.8513747220856243,0.8673674408647349,0.8827107255545005,0.8972024562580846,0.9107760759191483,0.9234086128718115,0.9350891892884936,0.9458101809623248,0.9555651159454,0.9643482673484527,0.9721546154496254,0.9789798779248373,0.984820547784704,0.98967392857975,0.9935381657143645,0.9964122742103267,1,0.9998746849937807,0.9993316146070412,0.9980889037806348,0.9959783640581834,0.9929286306872337,0.9889185720127905,0.9839469495487103,0.9780194458536218,0.9711443571620185,0.9633314055863383,0.9545914628384796,0.9449365030970985,0.9343796080354357,0.9229349841009874,0.9106179843470975,0.8974451339388253,0.8834341598530233,0.8686040256551263,0.852974972435635,0.8261140908387695,0.8006204437599483,0.7802519806737094,0.7600317674245384,0.7391586628812125,0.7175585805972289,0.6957214467823898,0.674531001169785,0.6541248278370945,0.6340399910185842,0.6095657215176447,0.5818090036233716,0.555340958663152,0.5297197078161963,0.5054745599647197,0.482768058964224,0.4546358359064403,0.42678365009037333,0.40096296703542306,0.37668633848437255,0.35099728396183094,0.3221820179987443,0.296560022514216,0.2723680850914632,0.24929241318880138,0.2273842301629508,0.20633512486603026,0.18591630894195948,0.16593478598289682,0.1513614328434146
29,0,0,0,0,0,0,0,1.1847895321704547e-20,0.017390442561612204,0.1196924509670517,0.2064803263458164,0.2606575788479395,0.3013227329855949,0.33552844607792487,0.3711260859029233,0.3999285402084931,0.432666384027205,0.46386325867745093,0.48894854125019005,0.5175062694231848,0.5480785778276317,0.5791457377194877,0.5995890968240963,0.6227386023178426,0.6472338813464881,0.6717432956242144,0.6960551311875083,0.7203020050810434,0.7447823050840874,0.7698742398191405,0.7953742914031524,0.8068609164864613,0.819457557878565,0.8344245254960359,0.8504780550176004,0.8664848928392166,0.8818725129805444,0.8964188346229617,0.9100492209485418,0.9227381872423388,0.9344742785543942,0.9452498372034762,0.9550584799022469,0.9638945839317606,0.9717532268850851,0.9786302138852934,0.984522116302826,0.9894263082692022,0.9933409992361514,0.9962652628463048,1,0.9998806707771329,0.999357849407089,0.9981495818632683,0.996082320291877,0.9930799088386185,0.9891186786208745,0.9841964102810844,0.9783185006614544,0.9714932016202117,0.9637302621767202,0.9550406010968223,0.9454362469670247,0.9349303407976038,0.9235371533524027,0.9112721075882055,0.8981518049138978,0.8841940557110048,0.8694179149857294,0.8538437242334181,0.8272808047017415,0.8017715159986116,0.780625359834068,0.760386218900104,0.7395210177376332,0.7179303141551165,0.6960941966127993,0.674890045973105,0.6544680529521584,0.6343753467207797,0.6109244601695253,0.5825572764144153,0.5560430932330591,0.5304025300385992,0.5061258991411244,0.48338397614279627,0.45560416981232316,0.42778032610804734,0.40191857441780104,0.3776167160109635,0.3529247096438094,0.32363157132857495,0.2979248936036885,0.27375635123198166,0.25073650429806443,0.22889446877782327,0.20794805037318037,0.18767533472290926,0.16789517625999945,0.15362611689378858
30,0,0,0,0,0,0,0,1.504632769052528e-36,0.006551638852008262,0.10212697440406904,0.19657123117948816,0.255527533919769,0.2979538630254942,0.33287658947198656,0.36865521902061776,0.3979082371470611,0.43057795573656565,0.4627495274675844,0.487408747292961,0.515829510116623,0.5463767413284235,0.5775039298041583,0.598360242711942,0.621427571613117,0.6458931487031543,0.670443947998766,0.6948075309388284,0.7190966739594314,0.743602474952964,0.7687010874208683,0.7942153818057545,0.8061673979242243,0.8187363000999275,0.833583424092834,0.8495837027663637,0.8656011373249166,0.8810314278534135,0.8956318320985234,0.9093189479316439,0.9220644475553462,0.9338561826012987,0.9446864295510978,0.9545488872183916,0.9634380370083672,0.9713490550469869,0.9782778351775613,0.9842210282347206,0.9891760798500514,0.9931412642750144,0.9961157143792313,1,0.9998863706235027,0.99938310261148,0.9982085638329127,0.9961841167360337,0.9932287996110202,0.9893162980058829,0.9844433321056926,0.9786149757909182,0.9718394228988736,0.9641264448937267,0.9554870059408864,0.9459331880361092,0.9354781905687494,0.9241363475359362,0.9119231505343712,0.8988552757383855,0.8849506152061793,0.8702283133666608,0.8547088097636779,0.8277656270028594,0.8022264124660676,0.7810002092552623,0.7607410714990475,0.7398832963831156,0.7183019415454464,0.6964669805883462,0.6752493671161708,0.6548115855352235,0.6347108735728869,0.6122245816380136,0.5833196683046503,0.5567466958092592,0.5310857733009714,0.506777924398853,0.4840006713042244,0.45655987938296005,0.42877455190244257,0.4028743940560287,0.37854670067224716,0.35477110713898163,0.3250947546404126,0.29928944573416927,0.2751369688047578,0.2521688740187259,0.23038966211474485,0.2095396090298695,0.189403671579244,0.1698106263819059,0.15504869533274815
31,0,0,0,0,0,0,0,0,0.0010643519211799154,0.0847571773095811,0.18549988667494408,0.2498276088474212,0.2943795918058745,0.3301408017442619,0.366152360886269,0.3958471848147026,0.42848176134311916,0.461601864401306,0.4858875022985321,0.5141562945327022,0.5446714150811116,0.5758545479568956,0.5971056583652566,0.6201170994203645,0.6445515076177172,0.6691402392779717,0.6935552255766114,0.7178873628614462,0.742419681422248,0.7675259875779018,0.7930543569473273,0.8054478189910999,0.8180147043310819,0.8327481659127366,0.848691856543962,0.8647163656849997,0.8801875604117047,0.8948414732280665,0.9085852544626383,0.9213873836520854,0.9332348903637824,0.9441199479102037,0.9540363290972549,0.9629786190200255,0.9709420934881443,0.9779227363447262,0.9839172790119111,0.9889232395590336,0.9929389578059785,0.9959636264696385,1,0.9998917981938434,0.9994074081573266,0.9982658856606967,0.9962837777162454,0.9933753157454156,0.9895114364986212,0.9846877190029426,0.9789088748687494,0.972183025048887,0.9645199584990507,0.9559306829792371,0.9464273328662246,0.9360231649780868,0.9247325754818091,0.9125711233761523,0.8995555581535999,0.8857038518584043,0.8710352363692195,0.8555702469767559,0.8289335896669442,0.8033775895066321,0.7813885916396873,0.7610965515239964,0.7402455108024049,0.7186734634405224,0.6968397963971888,0.6756089606630529,0.6551554251529527,0.6350465739081147,0.6134696315428366,0.5840943984752621,0.5574520471440197,0.5317694728870532,0.5074306304469993,0.4846181424486185,0.4575034502697647,0.4297660075820114,0.4038303264033482,0.3794763203858068,0.3557162488777858,0.3265287341794772,0.300652270037433,0.2765103880430848,0.2535900067371139,0.23187037497483956,0.2111108120290299,0.19110302366715753,0.17168412811041767,0.15729079885369418
32,0,0,0,0,0,0,0,0,0.000028736398892986734,0.06765315664867082,0.17323998280894828,0.2443606600865758,0.29062682790598615,0.3273125406536994,0.3636129828150559,0.3937450882779706,0.4263756787059107,0.45960955014611266,0.4843338887857242,0.5124846395752862,0.5429628345662803,0.5741977461666722,0.5958262202042607,0.6188058151565807,0.6432089565536742,0.6678323195497783,0.6922982154727438,0.7166740185808802,0.7412338617070792,0.7663488830386294,0.7918912125447631,0.8047034469910727,0.8172914409042081,0.8319183590643733,0.8478026771802647,0.8638307681910341,0.8793410062693205,0.8940477862160664,0.9078481396502642,0.9207069857914861,0.932610390798233,0.9435503821010306,0.9535207966422854,0.9625163223159595,0.9705323356796496,0.977564911857928,0.9836108640020631,0.988667783575542,0.9927340767518881,0.9958089967298777,1,0.9998969664962611,0.9994307989780282,0.998321583162263,0.9963813280936379,0.9935194705487798,0.9897041007503935,0.984929575067004,0.9792002015282495,0.9725240120830178,0.9649108076975971,0.9563716377528352,0.9469186879418452,0.9365652715663494,0.9253258459184613,0.9132160361861719,0.9002526637632321,0.886453779025867,0.87183869937356,0.8564280535955936,0.8294198998326999,0.8038336184028093,0.7817782084275995,0.7614526696892788,0.7406076729652966,0.7190448807042329,0.6972126417793209,0.6759688227036542,0.6554995713143773,0.6353824500142562,0.6146629220603161,0.5848798175941149,0.558159378081329,0.5324536691239488,0.5080840131905039,0.48523638752526155,0.45923490004245066,0.430781946464158,0.40478724260016763,0.38040563378318315,0.35665916240080653,0.3279350865809854,0.30201212707873815,0.2778769597011,0.2550003662511772,0.23333714755910423,0.212662599693869,0.1927749585122145,0.17351838279237114,0.15867905193180634
33,0,0,0,0,0,0,0,0,2.0946843523490788e-8,0.050465489700864036,0.15969433027412772,0.238180913554992,0.28749092052631553,0.32527614542659306,0.3610910471561942,0.3916051981110273,0.4242578744487449,0.4576019996152632,0.48274863147072206,0.5108126901464529,0.5412511266287379,0.5725336784263649,0.5945227679664279,0.617492457420764,0.6418654281106433,0.6665203288556206,0.6910365077315371,0.7154565903837499,0.7400449531866954,0.7651697159897826,0.7907259419328481,0.803935480664578,0.8165653144317774,0.8310935673817349,0.8469162942775932,0.8629445324428698,0.8784918660178387,0.8932508030067301,0.9071076042344797,0.9200232447118039,0.9319826729053762,0.9429777218649853,0.9530022808575982,0.9620511391522055,0.9701197750100565,0.9772043561156447,0.9833017785083997,0.9884097080211616,0.9925266179830426,0.9956518227238417,1,0.9999018879172311,0.9994533070217904,0.9983756919584891,0.9964767932300758,0.9936612778909018,0.9898942977445696,0.9851689045163258,0.9794889594150529,0.9728623879785003,0.9652989971387059,0.9568098757358656,0.9474072596708694,0.937104517786754,0.9259161674737326,0.9138578989205781,0.9009466040351671,0.8872004099073457,0.872638717571524,0.8572822471192973,0.8305883834106935,0.8049849342060054,0.7821811130197233,0.7618096441572523,0.7409697983709149,0.7194161944487307,0.697585514529908,0.6763289493542108,0.6558440234722486,0.6357185041334901,0.6158075494492691,0.5856743988422507,0.5588688740355088,0.5331384060700668,0.5087380697949203,0.4858554044671522,0.4608911092197776,0.43181886741681735,0.4057458547256095,0.38133472304987115,0.35759994439656684,0.3293152906004793,0.3033679301052407,0.2792369508065583,0.2564003929610797,0.23479049672043373,0.2141958484143523,0.1944209211808367,0.1753158380827801,0.1608866695997008
34,0,0,0,0,0,0,0,0,1.113800820656826e-14,0.034154746069182014,0.14552091407295237,0.23036738502642568,0.2840407700785909,0.3231568065515275,0.3585802358442442,0.3894301888116283,0.422126757227187,0.4555791357292593,0.4811324104237357,0.5091387114006795,0.539536320105988,0.5708624937868196,0.5931961064495497,0.6161758671864754,0.6405207972186915,0.6652043947010842,0.689770115298831,0.7142350301837018,0.7388528935173951,0.7639884280885006,0.7895585361303513,0.8031450538696616,0.8158352533494644,0.8302733193280811,0.8460328058798131,0.8620578418473186,0.8776402447692916,0.8924505593355101,0.906363650700246,0.9193361516950785,0.9313517257549482,0.9424019568715278,0.9524807726489181,0.9615830616910263,0.9697044047845711,0.9768410634429672,0.9829900177691077,0.9881490089591962,0.9923165783168264,0.9954921019666816,1,0.9999065742513189,0.9994749632706643,0.9984282474389932,0.9965701989533059,0.9938007521996951,0.9900820348073683,0.9854057117041597,0.9797751521931193,0.9731981566797844,0.9656845314174466,0.957245402336585,0.947893054385439,0.9376409110059518,0.9265035486760234,0.9144967214204793,0.901637390303264,0.887943757544428,0.8734353059694171,0.8581328448266302,0.8310758917879908,0.8054421046774995,0.7825850245495775,0.7621674778818833,0.7413319023127938,0.719787406026925,0.6979584125024442,0.6766893367578343,0.6561887810243773,0.6360547384622048,0.6169064100236078,0.5864767295809702,0.5595806791355179,0.5338237303458734,0.5093927987189203,0.4864751912254384,0.46247754873202407,0.43287359189697194,0.4067067338266978,0.38226368774935365,0.3585386908360162,0.3306707345267933,0.30471872989323556,0.28059055830653784,0.2577905020609612,0.23623091694117282,0.21571137672964996,0.1960422466946759,0.17707871902137026,0.16223640992433525
35,0,0,0,0,0,0,0,0,3.149132733642279e-27,0.01987649942643459,0.1292037427765109,0.2215910327626902,0.2793817720999829,0.32089474146196617,0.35607050449287075,0.3872219378380938,0.4199809189889867,0.45354080262476726,0.47948585877034233,0.5074610811052571,0.5378183556578642,0.5691843320798213,0.5918470069073835,0.6148549813457737,0.6391748886537209,0.6638846300466019,0.6884990560082274,0.7130092926653757,0.7376576207468861,0.7628049604982797,0.788388983905166,0.80233323904673,0.815100300172455,0.8294571159329871,0.8451522785798505,0.8611708741758061,0.8767862516462445,0.8916470947521553,0.9056162833871332,0.9186456986340671,0.9307175385125422,0.9418230767260549,0.9519562628248616,0.9611120820004123,0.969286218224252,0.9764750280908667,0.9826755769567332,0.9878856823941861,0.9921039545173305,0.9953298319245176,1,0.9999110367294802,0.9994957977600125,0.9984792847283126,0.9966615715221664,0.9939379084550782,0.9902673196178289,0.9856400011290499,0.980058783550936,0.9735313221014437,0.9660674150759858,0.95767822289819,0.9483760783427563,0.9381744585049675,0.9270879979554373,0.9151325134133537,0.9023250337691039,0.888683834823688,0.8742284793907307,0.8589798637794329,0.8322442215324702,0.8065935497330774,0.7830019867635145,0.7625263812878946,0.7416940034276799,0.7201585170852272,0.6983313336127437,0.6770499810851128,0.656533843314963,0.6363911551508501,0.6172245517690396,0.5872665527057958,0.5602944114783147,0.5345096774346767,0.5100481993884978,0.4870957457943131,0.46399924951522387,0.4339432364778437,0.40767032619530935,0.3831926395204609,0.3594754974773539,0.3320027229498959,0.3060637010482004,0.28193792087243724,0.2591710825328902,0.23765888111784128,0.21720995066675194,0.19764017093803207,0.17960946116178148,0.1645072495320661
36,0,0,0,0,0,0,0,0,0,0.008234761032261784,0.1124710163249027,0.21180729295930956,0.27426897236689374,0.318471180186039,0.35355097331032276,0.38581752339328695,0.41787080213729594,0.45148975481418696,0.47780973958369277,0.5057782922962414,0.5360970953789288,0.5674993202764673,0.5904762081509649,0.6135288265794074,0.6378274839179504,0.6625611317272019,0.6872233515878072,0.711779335355806,0.7364590734275726,0.76161925392862,0.7872172718386988,0.801501050481375,0.8143596024215771,0.828644437845093,0.8442747479975512,0.8602838002166552,0.8759299992265466,0.8908404526143173,0.904865508593452,0.9179518781012603,0.9300801004686294,0.9412410709788455,0.9514287420985942,0.9606381920536834,0.9688652084652266,0.9761062442354571,0.98235845117757,0.9876197242714173,0.9918887432949673,0.9951650100141436,1,0.9999152860460052,0.9995158395983167,0.9985288386546405,0.9967509375919813,0.9940727621815025,0.9904501602169447,0.9858717774452516,0.9803398572079186,0.9738618881312502,0.9664476526050357,0.9581083426997113,0.9488563377258994,0.9387051674801254,0.9276695236449054,0.9157652845144347,0.9030095455037084,0.8894206544788222,0.8750182524788114,0.8598233208259748,0.8327326572355133,0.807051854357326,0.7834197362568228,0.7628863499608087,0.7420561199689053,0.7205295295522924,0.6987042758426807,0.6774108785347673,0.6568792096359103,0.6367277563038096,0.6175430256680403,0.5880442021616594,0.561009707799662,0.5351962724637669,0.5107042719004994,0.48771706622741234,0.46546084357961476,0.4350251877467541,0.4086369680578268,0.3841216975488727,0.3604104601747832,0.333312482944399,0.3074021296229381,0.28327912909711184,0.26054249677802943,0.23907484121494155,0.2186922884320192,0.19921584026751357,0.18199931455831478,0.16677216422948604
37,0,0,0,0,0,0,0,0,0,0.0016612847493119212,0.09432406161059337,0.2016886345466972,0.26869095061245607,0.3149746628065802,0.3509496213390441,0.38435986585503784,0.415791384316595,0.4494283428921464,0.4761049163392766,0.5040889541157826,0.534372332103856,0.5658075694441116,0.58908441740399,0.6121965135307782,0.6364783275265873,0.6612339792543802,0.6859430266475164,0.7105451186448939,0.7352571907264703,0.7604312486780881,0.786043384389688,0.8006494473786411,0.8136124041777906,0.8278347515770964,0.8434002195670726,0.8593967825337411,0.8750716029503941,0.8900306800511664,0.9041113346736542,0.917254683419552,0.9294394010697373,0.9406559291351247,0.9508982010899004,0.9601613837292067,0.968441368557927,0.9757347059772509,0.9820386354710362,0.9873511304764226,0.9916709413060787,0.9949976336027249,1,0.9999193323841747,0.9995351169872517,0.9985769437210111,0.9968383241802468,0.9942053294392077,0.9906305650159392,0.9861010454730399,0.9806183769209933,0.9741898586334132,0.9668252484453849,0.9585357669569335,0.949333838644639,0.9392330450439652,0.9282481339812924,0.9163950442280736,0.9036909364492249,0.8901542290927473,0.8758046396994789,0.8606632326042375,0.8339002079525947,0.8082033815454583,0.7838503064087861,0.7632475869612874,0.742418273359196,0.7209004456881614,0.6990772372446957,0.677772025334369,0.6572248792281387,0.6370645439792988,0.6178618294870803,0.5888100030066473,0.5617262227502748,0.5358835309455798,0.5113610167536177,0.48833915064668215,0.46606945808107025,0.4360897635237465,0.4096059355666807,0.38505094964059894,0.3613436737001894,0.3346011696622066,0.3087334019270779,0.2846142342876741,0.261905080748462,0.2404792288342533,0.2201590645404116,0.20077031999991632,0.18426663637721305,0.16901642321549512
38,0,0,0,0,0,0,0,0,0,0.0000699387523389253,0.07622804343882643,0.1903300478077854,0.2634606964510537,0.3113219418651377,0.3482598190712779,0.38284708857910166,0.4137377392285196,0.4473585345459178,0.4743723259158711,0.5023917910517778,0.5326437983302811,0.5641091722625117,0.588443197748494,0.6108993505973328,0.6351293551501166,0.6599033472972183,0.6846581132599656,0.709306606024593,0.734051912542049,0.7592408846809883,0.7848673039576339,0.7997793367610914,0.812858038225668,0.8270275150138873,0.8425286695796307,0.8585099743398662,0.8742111804974161,0.8892178278968911,0.9033537721277907,0.9165541087340853,0.928795429951745,0.9400676406663008,0.9503646303277055,0.9596816488102466,0.9680146914663506,0.9753604073404127,0.9817161248090436,0.9870798968344735,0.9914505451525351,0.9948277000074905,1,0.9999231854406878,0.9995536572419538,0.9986236340788257,0.9969237586327065,0.9943356268142847,0.9908085428036695,0.9863278102088742,0.9808943464913461,0.9745152374519834,0.9672002069895166,0.958960500823346,0.9498085871362569,0.9397580982261463,0.9288238371064852,0.9170218019490778,0.9043692174205842,0.8908845710996572,0.876587655343593,0.8614996155451321,0.8343893176535474,0.8086627984074911,0.7842814514684163,0.7636100808769396,0.742780484472086,0.7212712680695734,0.6994502159459826,0.6781334177411185,0.6575708512828824,0.6374015201892846,0.6181809610613056,0.5895642716578134,0.5624436281975176,0.5365714594806514,0.5120184346050856,0.4889619972446002,0.46667824379400547,0.43713762645774773,0.4105765571218258,0.38598045548251,0.3622752307434924,0.3366900623548166,0.3100968830643299,0.28594533245107007,0.26325926094523805,0.24187246282259567,0.22161091392768614,0.2023046019615633,0.18642686518982318,0.17122965320354716
39,0,0,0,0,0,0,0,0,0,1.239469940747767e-7,0.059243223227571674,0.17694924546740218,0.25757455055099,0.3074725327332254,0.3454723889116577,0.38127696868271094,0.41170501439461166,0.4452819333551069,0.47261295387559143,0.5006856407771186,0.5309111746963073,0.5624042010579459,0.5877746253299156,0.6096341175174383,0.6337822446057378,0.6585694885058107,0.6833686545111776,0.7080637644892898,0.7328431796352606,0.7580481015581533,0.7836890109460375,0.7988915762021013,0.8120959187485575,0.8262221822494484,0.8416600464334618,0.8576235184902885,0.8733488511414187,0.8884019505943496,0.9025928336818902,0.9158501490847688,0.9281481769752308,0.9394761950224204,0.949828020253087,0.9591989789849669,0.9675851700673533,0.9749833422720108,0.9813909140953578,0.986806019110063,0.9912275513813283,0.9946552064954194,1,0.9999268544489214,0.9995714868114189,0.9986689435036105,0.9970072685899026,0.9944636714076253,0.9909841027531461,0.986552076835381,0.9811677697713225,0.974838028414422,0.967572532583318,0.9593825493911271,0.9502805891663678,0.9402803339743434,0.9293966410684655,0.9176455669640269,0.905044399107127,0.8916116927870437,0.8773673135295716,0.862332485875652,0.8355555103509081,0.8098143282666879,0.7847251934291535,0.7639740277516421,0.7431427771881425,0.7216419996358103,0.6998232101533797,0.6784950520426927,0.6579171249429855,0.6377386868994281,0.6185004182926865,0.5903073161295873,0.5631616125518191,0.5372600564240604,0.5126765260514025,0.48958560428057196,0.46728721755916114,0.4381694128216471,0.41154821026742144,0.38691024964202864,0.3632052210728295,0.33868087293594107,0.3114859443680562,0.287274032614797,0.2646055201916431,0.24325495406683806,0.22304843587323003,0.20462983270883095,0.18858915639148618,0.17341687082225712
